sender_name,partner_brand
Six Zero Pickleball PTY LTD,Six Zero
Selkirk Sport,Selkirk
HONOLULU COUNTY MACHINE DESIGN LLC.,HPC
(unknown sender),
EDMAX International LLC,Vatic Pro
11SIX24 Pickleball Inc.,11SIX24
Impact Radius,Impact Radius
Enhance Pickleball LLC,Enhance
Paypal Inc.,
Volair C Corp,Volair
Volair LLC,Volair
"Pickleball Topco, LLC",Pickleball Central
GEARBOX,Gearbox
"BodyHelix, LLC",Body Helix
KTCHN LLC,KTCHN
luzzpickleball,Luzz
"Jigsaw Health, LLC",Jigsaw
Pickleball Apes LLC,Pickleball Apes
ILAVIE LLC,ILAVIE
Braydon Unsicker,
"TKSP Holdings, Inc.",Thrive PB
Spartus LLC,Spartus
Precision Billet Products LLC,Slyce Sport
Jonathan Oe Apparel Incorporated,LEOREVER
"Engage Sporting, LLC",Engage Pickleball
"Pro Athlete, Inc",JustPaddles
PBDV LLC,Neonic Pickleball
Emrie Jones,
GRUVN,GRUVN
Winners Edge Sport Products Inc,WE Pickleball
GherkinUSA,Gherkin USA
Maverix Sports LLC,Maverix
Flick Weight LLC,Flick Weight
"Invonu LLC",Blumaka
Element 6 Pickleball,Element 6 Pickleball
